email,date_of_birth,mobile_no,first_name,last_name,above_18,membership_id
Patty_Smith@ross.com,19750827,59428759,Patty,Smith,Y,Smith_c7677
Sean_Wang@gibson-calderon.com,19600311,25595367,Sean,Wang,Y,Wang_04168
Richard_Estrada@malone.com,19921015,22821527,Richard,Estrada,Y,Estrada_0bf5b
Jackson_Cline@hudson.net,19710121,48056519,Jackson,Cline,Y,Cline_825fb
Allen_Williams@sanchez.net,19971109,77991519,Allen,Williams,Y,Williams_3e726
Eric_Flores@dillon-patterson.com,19820701,36641663,Eric,Flores,Y,Flores_8a42c
Anna_Richardson@perry.com,19670223,64083047,Anna,Richardson,Y,Richardson_ef158
Benjamin_Smith@christian-contreras.com,19871223,95835639,Benjamin,Smith,Y,Smith_9625b
Taylor_Gomez@johnston.com,19821022,24007567,Taylor,Gomez,Y,Gomez_876bf
Jeremy_Rodriguez@roth.com,19780828,32567967,Jeremy,Rodriguez,Y,Rodriguez_93ac7
April_Garcia@hall.com,19871231,24650447,April,Garcia,Y,Garcia_26b55
Sharon_Garza@duran.com,20020830,59411567,Sharon,Garza,Y,Garza_40199
Lori_Sanchez@hardin-warner.net,19980420,76989167,Lori,Sanchez,Y,Sanchez_364a7
Joseph_Reed@kelley.com,19511220,18798163,Joseph,Reed,Y,Reed_3bc34
Jason_Armstrong@curtis.com,19921116,68514503,Jason,Armstrong,Y,Armstrong_e2fb8
Jessica_Allison@harper.com,19721030,66821135,Jessica,Allison,Y,Allison_0c21b
Arthur_Hall@gonzalez.com,19941103,65493407,Arthur,Hall,Y,Hall_b302a
Sherry_Meza@west.com,19970904,33491119,Sherry,Meza,Y,Meza_af7be
Matthew_Turner@martinez.com,19940707,73291455,Matthew,Turner,Y,Turner_0303a
Jeffrey_Bauer@garza.com,19660813,51154803,Jeffrey,Bauer,Y,Bauer_18f68
Sophia_Randolph@leonard-ramirez.com,19500807,94510479,Sophia,Randolph,Y,Randolph_76c7a
Marissa_Matthews@graves.com,19720221,20636447,Marissa,Matthews,Y,Matthews_2a414
Samuel_Thompson@sanchez-carroll.com,19840403,99063183,Samuel,Thompson,Y,Thompson_16040
Zachary_Lee@smith.com,19870704,36447751,Zachary,Lee,Y,Lee_76cce
Kara_Pittman@gomez-vaughn.com,19680525,80502567,Kara,Pittman,Y,Pittman_44c4d
Charles_Ruiz@sullivan-jones.com,19680113,85158255,Charles,Ruiz,Y,Ruiz_1546f
Rachel_Shaw@stevenson-martinez.com,19581223,66511687,Rachel,Shaw,Y,Shaw_45468
James_Miller@nguyen.com,19710831,64917031,James,Miller,Y,Miller_d11a8
Gabriella_Anthony@castro.com,19970106,89108943,Gabriella,Anthony,Y,Anthony_ebd30
Misty_Cantrell@flores-decker.com,19570303,79619831,Misty,Cantrell,Y,Cantrell_b19eb
Kelly_Guerrero@riggs.com,19970203,53052583,Kelly,Guerrero,Y,Guerrero_d55cb
David_Nichols@rocha.com,19620819,62269575,David,Nichols,Y,Nichols_9226a
Shawn_Galloway@johnston.com,19850419,17471367,Shawn,Galloway,Y,Galloway_1a4d2
Fernando_Salazar@humphrey.com,19720419,71192443,Fernando,Salazar,Y,Salazar_88b5f
Dennis_Sanford@lopez-archer.com,19800806,88084407,Dennis,Sanford,Y,Sanford_c7e24
Amanda_Murphy@bright-gibbs.net,20000730,30501351,Amanda,Murphy,Y,Murphy_0851c
Bobby_Martin@jackson.com,20000331,43871143,Bobby,Martin,Y,Martin_35f44
Lauren_Jones@castaneda.com,19870724,96512831,Lauren,Jones,Y,Jones_3cea3
Vernon_Bishop@clark-larson.com,19730710,78396487,Vernon,Bishop,Y,Bishop_b0506
Phillip_Meyers@mcneil-williams.com,19601022,95409119,Phillip,Meyers,Y,Meyers_2871d
Jeremy_Strickland@adkins.com,19501223,20151487,Jeremy,Strickland,Y,Strickland_c13f0
Robert_Martin@crawford.com,19500718,78547615,Robert,Martin,Y,Martin_6f48d
Marc_Davis@harris.com,19800520,96597403,Marc,Davis,Y,Davis_7d08d
William_Taylor@warner-morgan.net,19860131,42996791,William,Taylor,Y,Taylor_4fbc5
Alyssa_Pierce@ruiz.com,19680516,95839991,Alyssa,Pierce,Y,Pierce_133dc
Michael_Brady@wells-sanders.com,19500323,65342263,Michael,Brady,Y,Brady_bd431
James_Rhodes@green.com,19771010,27465295,James,Rhodes,Y,Rhodes_df266
Ryan_Ramirez@pham.com,19850425,67907071,Ryan,Ramirez,Y,Ramirez_5ff32
Stephen_Thompson@hess.com,19511112,75033031,Stephen,Thompson,Y,Thompson_52cd0
Susan_Williams@rowland.com,19760512,95688383,Susan,Williams,Y,Williams_446e0
Nancy_Aguilar@lane.com,19950811,97516423,Nancy,Aguilar,Y,Aguilar_ad5a0
Jessica_Williams@thomas-martin.com,19730824,26472931,Jessica,Williams,Y,Williams_b7835
Dylan_Johnson@montgomery.com,19960107,52048815,Dylan,Johnson,Y,Johnson_d53b7
Pamela_King@soto.net,19930929,72515095,Pamela,King,Y,King_01148
Robert_Smith@joyce.com,19870424,76366335,Robert,Smith,Y,Smith_634dd
Samantha_Gonzalez@rios-fletcher.com,19980829,40456647,Samantha,Gonzalez,Y,Gonzalez_31e9a
Terry_Pierce@warner-reyes.com,19640910,91518459,Terry,Pierce,Y,Pierce_68d7c
Jeffery_Walker@watson.com,19560624,46574799,Jeffery,Walker,Y,Walker_ba5b7
Todd_Alvarez@vaughn.com,19741125,42011263,Todd,Alvarez,Y,Alvarez_7bc5d
Brett_Willis@gibbs.com,19610908,86342007,Brett,Willis,Y,Willis_d0046
Louis_Klein@phillips-allen.com,19651220,33671863,Louis,Klein,Y,Klein_43163
Kristin_Wilkins@harvey.com,20020511,84393855,Kristin,Wilkins,Y,Wilkins_48a0a
Joshua_Lynch@daniels.com,19650526,71572839,Joshua,Lynch,Y,Lynch_49515
Deborah_Williams@howard.com,19841121,11357647,Deborah,Williams,Y,Williams_e69d3
Timothy_Martin@camacho-sparks.net,20030105,92008191,Timothy,Martin,Y,Martin_0575d
Sarah_Bright@winters.com,19981115,24327743,Sarah,Bright,Y,Bright_776f9
Rebecca_Anderson@carter-ramirez.com,19730827,27023231,Rebecca,Anderson,Y,Anderson_48071
Roger_Frost@cole-robinson.com,19700217,94120431,Roger,Frost,Y,Frost_5ba4a
Toni_Dunn@chapman.com,19800831,89674459,Toni,Dunn,Y,Dunn_8edbe
Eric_Dunn@reese.com,19600712,13714207,Eric,Dunn,Y,Dunn_ae8e6
Heather_Pierce@williams-edwards.com,19570813,32413999,Heather,Pierce,Y,Pierce_1096d
Jordan_Erickson@martinez.com,19750802,64756655,Jordan,Erickson,Y,Erickson_6b984
Susan_Ali@leach.com,19990105,74229143,Susan,Ali,Y,Ali_f361f
Richard_Wilson@hernandez.com,19990703,36349175,Richard,Wilson,Y,Wilson_f0626
Jon_Butler@blackwell.com,19870318,78121695,Jon,Butler,Y,Butler_a60e8
Paul_Phillips@vance.com,19970216,11213063,Paul,Phillips,Y,Phillips_01acd
Adam_Parker@yoder.com,19980722,27783391,Adam,Parker,Y,Parker_5ebc0
Cory_Walker@torres.net,19621208,37614935,Cory,Walker,Y,Walker_a21be
Jeffrey_Sanchez@jones-butler.com,19950914,73226919,Jeffrey,Sanchez,Y,Sanchez_cf3c9
Bianca_Martin@mitchell.com,19780205,86924127,Bianca,Martin,Y,Martin_7bf56
Jeffrey_King@hicks-boyd.com,19770623,68622991,Jeffrey,King,Y,King_2f8a4
Shelly_Mcdaniel@little.com,19951028,86599403,Shelly,Mcdaniel,Y,Mcdaniel_ab5b4
Melanie_Wiggins@mcdonald-rice.com,20000214,91699615,Melanie,Wiggins,Y,Wiggins_c46e0
Daniel_Smith@cummings.com,19860308,26613823,Daniel,Smith,Y,Smith_e0b77
Christopher_Smith@lamb.com,19810707,42594715,Christopher,Smith,Y,Smith_216c5
Marc_Love@martin.com,19550722,96796419,Marc,Love,Y,Love_95197
Scott_Lawrence@aguilar.com,19760104,59217375,Scott,Lawrence,Y,Lawrence_fbccd
James_Sosa@robles-hawkins.com,19571108,47053447,James,Sosa,Y,Sosa_8de3e
Jamie_Jackson@carr.com,19770526,71512687,Jamie,Jackson,Y,Jackson_b5943
Jeffrey_Hatfield@morgan-erickson.com,19701014,69441735,Jeffrey,Hatfield,Y,Hatfield_bf691
James_Phillips@green-taylor.com,19611019,89808183,James,Phillips,Y,Phillips_c68d2
Jessica_Moore@harrison-bautista.com,19990509,27155335,Jessica,Moore,Y,Moore_6e3b7
Debra_Peters@smith.com,19820804,69115179,Debra,Peters,Y,Peters_6955e
Richard_Anderson@peck-franklin.com,19700405,24730327,Richard,Anderson,Y,Anderson_6c12a
Lauren_Hahn@simmons.com,19720620,15132727,Lauren,Hahn,Y,Hahn_38908
Joseph_Perez@ryan.com,19740909,61876187,Joseph,Perez,Y,Perez_a30c9
Faith_Edwards@price.net,19770726,44653063,Faith,Edwards,Y,Edwards_96edd
Laura_Vargas@gallagher-young.com,19771009,40816943,Laura,Vargas,Y,Vargas_0365e
Sarah_Lewis@wyatt.com,19810225,37945839,Sarah,Lewis,Y,Lewis_f236b
Brad_Huff@moore.com,19611227,28207575,Brad,Huff,Y,Huff_88806
Thomas_Sanchez@cunningham-reid.net,19570914,23994083,Thomas,Sanchez,Y,Sanchez_a1536
Alexander_Richardson@perez.com,19581025,34675335,Alexander,Richardson,Y,Richardson_e102e
Matthew_Moore@nichols.com,20030707,66391671,Matthew,Moore,Y,Moore_4788f
Joseph_Howard@williams.com,19520726,46746383,Joseph,Howard,Y,Howard_99bdb
Jacqueline_Phillips@larson.com,19880118,55793915,Jacqueline,Phillips,Y,Phillips_3268f
Anne_Richards@mccarthy.com,19690906,84963423,Anne,Richards,Y,Richards_9e514
Derek_Thomas@green.com,19640724,37329863,Derek,Thomas,Y,Thomas_a6b2a
Joseph_Bonilla@freeman.com,19740508,66912183,Joseph,Bonilla,Y,Bonilla_07c60
Gary_Barber@roberts.net,19551112,44790343,Gary,Barber,Y,Barber_8e448
Brian_Johnson@carr.com,19810617,76631695,Brian,Johnson,Y,Johnson_01409
Christine_Peterson@hamilton.com,19741119,57627175,Christine,Peterson,Y,Peterson_d3043
Christopher_Bautista@rodgers.com,19941202,48834663,Christopher,Bautista,Y,Bautista_f2b74
Barbara_Krueger@strong.com,19520322,30905343,Barbara,Krueger,Y,Krueger_f41b0
Monica_Oconnor@gordon.com,19800701,97887295,Monica,Oconnor,Y,Oconnor_efac7
Peggy_Johnson@berg.com,19720328,34795631,Peggy,Johnson,Y,Johnson_317e0
Susan_Herrera@gomez.com,19550826,24027735,Susan,Herrera,Y,Herrera_2275e
Andrew_Matthews@ramos-vaughn.com,19880219,90821359,Andrew,Matthews,Y,Matthews_33105
Erin_Kennedy@hendricks-mason.com,19650109,35865639,Erin,Kennedy,Y,Kennedy_e1e07
Jason_Lopez@wood-hill.com,19740830,11287127,Jason,Lopez,Y,Lopez_ad64b
Jerry_Clark@perez.com,19950928,46859655,Jerry,Clark,Y,Clark_850e2
Alyssa_Kim@beck-zuniga.com,19900811,59732335,Alyssa,Kim,Y,Kim_bc531
Courtney_Williams@garner.com,19990919,27598999,Courtney,Williams,Y,Williams_225d6
Kevin_Haynes@jones.com,19690624,75433787,Kevin,Haynes,Y,Haynes_d74e4
John_Hicks@weber.com,19530912,95395487,John,Hicks,Y,Hicks_c3ab0
Eric_Kennedy@mcdonald.com,19990522,77994331,Eric,Kennedy,Y,Kennedy_b93e8
Matthew_Nelson@hunt.com,19580127,45515247,Matthew,Nelson,Y,Nelson_49b51
Carolyn_Glover@walker.com,19790714,87832791,Carolyn,Glover,Y,Glover_9a700
Robert_Moore@young.com,19550415,19512199,Robert,Moore,Y,Moore_bd6b1
Nicole_Mcgee@reyes.com,19590303,34539135,Nicole,Mcgee,Y,Mcgee_84007
Danielle_Hunter@ballard.com,19710811,99947039,Danielle,Hunter,Y,Hunter_c76d0
Kelly_Perez@ward-wilson.com,19600519,60614735,Kelly,Perez,Y,Perez_016c7
Mary_Odom@morgan-reynolds.com,19630813,98738367,Mary,Odom,Y,Odom_e8796
Arthur_Gibson@thompson-thompson.com,19610603,75411807,Arthur,GibsonI,Y,GibsonI_a7c50
Katherine_Brennan@garcia.net,19771113,37918255,Katherine,Brennan,Y,Brennan_fbe29
Christopher_Miller@kelly.com,19850131,16222031,Christopher,Miller,Y,Miller_5a80b
Amber_Hopkins@hall.com,19750831,15289039,Amber,Hopkins,Y,Hopkins_7c2f6
Christine_Lara@barnes-lee.com,19590103,77716475,Christine,Lara,Y,Lara_05622
Nancy_Garcia@lewis-hayden.com,19680305,62971303,Nancy,Garcia,Y,Garcia_76b84
Alex_Rhodes@russell.net,19780913,75808519,Alex,Rhodes,Y,Rhodes_a5121
Daniel_Bennett@stephens-oneill.com,19730228,20776023,Daniel,Bennett,Y,Bennett_1ed65
Kevin_Woodard@lynch.com,19550809,30319911,Kevin,Woodard,Y,Woodard_0dee6
Todd_Wheeler@woods.com,19960904,50356375,Todd,Wheeler,Y,Wheeler_62b5f
Linda_Woods@diaz.com,19611127,81195711,Linda,Woods,Y,Woods_5e5f2
Alan_Peterson@burch.com,19760129,88993663,Alan,Peterson,Y,Peterson_9e709
Jacob_Grant@cummings.com,19911204,94196575,Jacob,Grant,Y,Grant_46694
Gabrielle_Johnson@serrano.com,19581006,35424207,Gabrielle,Johnson,Y,Johnson_fcba1
Anne_Howard@rowe.com,19690610,35198251,Anne,Howard,Y,Howard_45839
Caleb_Morales@collins.com,19660329,69459679,Caleb,Morales,Y,Morales_0598c
James_Dominguez@black.com,19881205,49527207,James,Dominguez,Y,Dominguez_e2663
Kathryn_Cardenas@skinner.com,19830508,81016239,Kathryn,Cardenas,Y,Cardenas_35ae4
Jeffrey_Santiago@duncan.com,19750228,93827623,Jeffrey,Santiago,Y,Santiago_5cbec
Andrew_Mclaughlin@fitzpatrick-lucas.com,19730514,66417719,Andrew,Mclaughlin,Y,Mclaughlin_b2423
Bryan_Porter@elliott.com,19570214,88089671,Bryan,Porter,Y,Porter_e9e42
Brendan_Smith@williams.com,19580516,67839775,Brendan,Smith,Y,Smith_750a9
Amy_Wilson@cortez.net,19740412,64392323,Amy,Wilson,Y,Wilson_09540
David_Clark@fleming.com,19850801,44834223,David,Clark,Y,Clark_f30a3
Erika_Joseph@romero.com,19810303,51075039,Erika,Joseph,Y,Joseph_f0dcb
Jeffrey_Hernandez@mcdaniel.com,19891231,76263607,Jeffrey,Hernandez,Y,Hernandez_f3251
Michael_Miller@taylor-moore.com,19640520,17581687,Michael,Miller,Y,Miller_375ad
Theresa_Newman@perry-scott.com,19941129,36575799,Theresa,Newman,Y,Newman_069d1
Paul_Romero@middleton-jones.com,19601007,98843943,Paul,Romero,Y,Romero_7ffde
Kathleen_Ramirez@banks-wright.com,19550829,40351711,Kathleen,Ramirez,Y,Ramirez_04ceb
Janet_Choi@neal.com,19860718,66675695,Janet,Choi,Y,Choi_e37de
Mark_Bender@oneal-wilkins.com,19690911,27354911,Mark,Bender,Y,Bender_b8ade
Abigail_Brown@jones-underwood.com,19801008,15726143,Abigail,Brown,Y,Brown_b08b0
Antonio_Dominguez@nichols.com,19801115,75861007,Antonio,Dominguez,Y,Dominguez_821d7
Tony_Morris@davis.com,19700805,33280551,Tony,Morris,Y,Morris_1057d
Randy_Carlson@rivera.com,19550530,51211679,Randy,Carlson,Y,Carlson_d8db2
Mitchell_Pierce@houston-conway.net,20010824,96845551,Mitchell,Pierce,Y,Pierce_7e42c
Angela_West@anderson-fitzgerald.com,19810427,59397207,Angela,West,Y,West_0afba
Sherry_Lyons@carson-copeland.com,19980902,47672835,Sherry,Lyons,Y,Lyons_5c73e
Jennifer_Butler@arellano-morris.com,19511118,16079075,Jennifer,Butler,Y,Butler_c810e
Kevin_Peters@edwards.com,19670206,28855487,Kevin,Peters,Y,Peters_c9aea
Benjamin_Conway@burton-paul.com,19551228,23338319,Benjamin,Conway,Y,Conway_b14b9
Noah_Mccarty@rios-oneill.com,19650620,64718427,Noah,Mccarty,Y,Mccarty_6f29c
Andrew_Stewart@wong.com,19510212,19799879,Andrew,Stewart,Y,Stewart_5a9fe
Brenda_Jones@lang.com,19550804,62608823,Brenda,Jones,Y,Jones_e27fe
Jerry_Shannon@sweeney-gibbs.com,19510505,86239787,Jerry,Shannon,Y,Shannon_6484d
Blake_Brown@george-kelly.net,19570615,34835327,Blake,Brown,Y,Brown_75572
Michael_Bowers@klein-barry.com,20020903,70074031,Michael,Bowers,Y,Bowers_29d22
Elizabeth_Bailey@stephenson-arnold.com,19630101,20218071,Elizabeth,Bailey,Y,Bailey_5c8a5
James_Cruz@bender-harris.com,19500730,18758595,James,Cruz,Y,Cruz_a17c6
Kelly_Levy@barajas.com,19940508,74468255,Kelly,Levy,Y,Levy_b4299
Thomas_Burton@dunn-avery.net,19750419,14613071,Thomas,Burton,Y,Burton_e624b
Kimberly_Garcia@tapia.com,19630801,41397407,Kimberly,Garcia,Y,Garcia_ea09c
Paul_Peterson@bullock.com,20021225,59148863,Paul,Peterson,Y,Peterson_c41f4
Michael_Reilly@cooper.net,19720514,33876967,Michael,Reilly,Y,Reilly_1c829
Alejandra_Martinez@jones.com,19791221,87381327,Alejandra,Martinez,Y,Martinez_d6f6b
Timothy_Sanders@harrell.com,19521003,63453583,Timothy,Sanders,Y,Sanders_e813f
Latoya_Little@martinez.com,19780807,43404335,Latoya,Little,Y,Little_c16bd
Sarah_Harvey@martin-smith.com,19600331,58520471,Sarah,Harvey,Y,Harvey_119d2
Aaron_Hansen@mckinney.com,19980128,51639887,Aaron,Hansen,Y,Hansen_df29c
Melissa_Ortiz@lee-malone.com,19580729,49637727,Melissa,Ortiz,Y,Ortiz_84be0
Brooke_Hernandez@benitez.com,19911114,97309975,Brooke,Hernandez,Y,Hernandez_bcb5b
Lisa_Livingston@glover.com,19500423,20519415,Lisa,Livingston,Y,Livingston_19295
Eugene_Mason@gardner.com,19781213,47810855,Eugene,Mason,Y,Mason_6bc9b
Daniel_Cunningham@cooper.com,19730326,78657983,Daniel,Cunningham,Y,Cunningham_12799
Alex_Smith@johnson.com,20020503,58965703,Alex,Smith,Y,Smith_894dd
Charles_Jennings@cochran.net,19750714,70913863,Charles,Jennings,Y,Jennings_18c5d
Jessica_Vargas@miller-price.net,19810517,48925903,Jessica,Vargas,Y,Vargas_ed53f
Olivia_Clark@wade-roberson.com,19741001,67793735,Olivia,Clark,Y,Clark_92a9e
Ricky_Allen@roberts-mendoza.com,19610619,61433467,Ricky,Allen,Y,Allen_3a518
Cathy_Carney@williams.net,19970522,31104151,Cathy,Carney,Y,Carney_0d73a
Ashley_Spencer@anderson.com,19910126,68555775,Ashley,Spencer,Y,Spencer_c60e6
Victoria_Strickland@mccarthy-stewart.com,19530730,31595971,Victoria,Strickland,Y,Strickland_c68d2
Patrick_Smith@molina.net,19720129,76398335,Patrick,Smith,Y,Smith_5b12e
Samuel_West@johnson-ryan.net,20020627,50354899,Samuel,West,Y,West_15f40
Haley_Baldwin@bush-wolfe.com,19650413,31940631,Haley,Baldwin,Y,Baldwin_b3439
Alexander_Wilson@barron-garcia.com,19881111,13893319,Alexander,Wilson,Y,Wilson_51998
April_Cole@vargas.com,19610622,65186503,April,Cole,Y,Cole_2b0a2
Holly_Riley@stokes.com,19740728,55620431,Holly,Riley,Y,Riley_3e1f8
Jeffrey_Poole@cross.com,19570204,82077439,Jeffrey,Poole,Y,Poole_23f28
Rachel_Poole@jones.net,19760708,35095087,Rachel,Poole,Y,Poole_c5b79
Sheena_Ward@wilson-mcbride.com,19730926,96834175,Sheena,Ward,Y,Ward_57d0c
Cynthia_Smith@smith.com,19510905,48760255,Cynthia,Smith,Y,Smith_9f8dc
Kevin_Clayton@miller.com,19750708,25081071,Kevin,Clayton,Y,Clayton_7f5be
Deanna_Smith@cooke.com,19510416,50395271,Deanna,Smith,Y,Smith_774d5
Sarah_Coleman@novak.com,19500119,37411775,Sarah,Coleman,Y,Coleman_db259
Kurt_Butler@taylor.net,19640621,43394675,Kurt,Butler,Y,Butler_19820
Cody_Becker@hansen.com,19601216,76003567,Cody,Becker,Y,Becker_dd317
Molly_Miller@king-kelly.net,19771105,99947663,Molly,Miller,Y,Miller_4ae09
Craig_Bailey@hancock-brown.com,19970713,33032303,Craig,Bailey,Y,Bailey_fac5d
Patricia_Gray@dawson.com,19660319,18281751,Patricia,Gray,Y,Gray_00c0a
Robert_Rivera@gibson.com,19500722,35020847,Robert,Rivera,Y,Rivera_6a7ce
Michelle_Lewis@wiggins-thornton.com,19830121,64700455,Michelle,Lewis,Y,Lewis_afe1c
John_Owens@callahan.com,19670424,71230983,John,Owens,Y,Owens_4cd37
Sarah_Smith@kirk.com,19680804,22702359,Sarah,Smith,Y,Smith_313dd
Nancy_Lucas@aguilar.com,19830706,91477863,Nancy,Lucas,Y,Lucas_94653
Christina_Murray@collins-day.com,19791217,35027583,Christina,Murray,Y,Murray_a46c7
Emma_Berry@charles.com,19940107,34612959,Emma,Berry,Y,Berry_c02ad
Christopher_Gross@grimes.net,20031114,49217831,Christopher,Gross,Y,Gross_2742d
Jason_Hawkins@adams-hunter.com,19541001,31750255,Jason,Hawkins,Y,Hawkins_8aa4f
Jeffrey_Rodriguez@johnson-white.com,19690718,29947599,Jeffrey,Rodriguez,Y,Rodriguez_84bf3
Christina_Miller@marshall-lucas.com,19530425,92153503,Christina,Miller,Y,Miller_84bb3
Maria_Miller@roberts.com,19941221,86317751,Maria,Miller,Y,Miller_208dd
Eileen_Davis@knox.com,19520404,19544735,Eileen,Davis,Y,Davis_3a81f
John_Kelley@george-barker.com,19960928,99919107,John,Kelley,Y,Kelley_336ba
Harry_Miller@warner-jackson.com,19890613,63478047,Harry,Miller,Y,Miller_4e2a7
Ellen_Montes@sellers.com,19610714,16519759,Ellen,Montes,Y,Montes_29eaa
Gregory_Mclean@valencia.com,19610801,38860951,Gregory,Mclean,Y,Mclean_3b78d
Angela_Spencer@lopez.com,19980502,18410783,Angela,Spencer,Y,Spencer_071ed
Christina_Price@kennedy-tran.com,19860508,65381695,Christina,Price,Y,Price_fb35b
Michael_Morris@nelson.net,19790924,62959695,Michael,Morris,Y,Morris_05ed3
Amber_Randall@boyd-freeman.net,19520910,60506343,Amber,Randall,Y,Randall_fe7f8
Matthew_Morris@boyle-novak.com,19981111,49822607,Matthew,Morris,Y,Morris_f9657
Cindy_Blackburn@bolton.net,20001008,86098071,Cindy,Blackburn,Y,Blackburn_0c5fb
Matthew_Jacobson@bishop-thomas.com,19510412,99110191,Matthew,Jacobson,Y,Jacobson_496c2
Stacy_Jones@perez.com,19940909,71998399,Stacy,Jones,Y,Jones_c6f5d
Scott_Zimmerman@fischer.com,19560130,70071511,Scott,Zimmerman,Y,Zimmerman_881d6
Dakota_Silva@barker-miller.com,19790710,41853599,Dakota,Silva,Y,Silva_fff90
Jacob_Spencer@jefferson.net,19620226,41992359,Jacob,Spencer,Y,Spencer_d5b01
Barbara_Hudson@robinson-jones.com,19971028,33194551,Barbara,Hudson,Y,Hudson_9d670
Sherry_Peterson@dillon-barber.com,19691126,91916671,Sherry,Peterson,Y,Peterson_c30b8
Austin_Bird@young-stout.com,19760515,53713179,Austin,Bird,Y,Bird_86853
Matthew_Oliver@mitchell.com,19720423,14016935,Matthew,Oliver,Y,Oliver_94edc
Roger_Maddox@richards.com,19810426,86988519,Roger,Maddox,Y,Maddox_6974f
Kristin_Higgins@leonard.com,19981219,58071267,Kristin,Higgins,Y,Higgins_bc84f
Gilbert_Johnson@jones.com,19850923,97191811,Gilbert,Johnson,Y,Johnson_e0381
Bryan_Gutierrez@short-huerta.net,19881118,84795039,Bryan,Gutierrez,Y,Gutierrez_c61e8
Peter_Schultz@shah.com,19570829,78301895,Peter,Schultz,Y,Schultz_5fff4
Karen_Smith@washington.com,19630505,91036383,Karen,Smith,Y,Smith_473c4
Justin_Burke@johnson.com,19960212,43401655,Justin,Burke,Y,Burke_a32e6
Sarah_Ramsey@hayes.com,19640622,63376279,Sarah,Ramsey,Y,Ramsey_4c3e8
Michael_Chang@watkins.com,19900209,99632783,Michael,Chang,Y,Chang_e27c8
Pamela_Hughes@rivas-garza.com,19570116,32117783,Pamela,Hughes,Y,Hughes_bf91b
Jimmy_Morris@hall-watkins.com,19640120,31836895,Jimmy,Morris,Y,Morris_25892
Lauren_Romero@davis.com,20020425,50100783,Lauren,Romero,Y,Romero_e5750
Adam_Jones@kline-reeves.com,19570107,83246639,Adam,Jones,Y,Jones_2b07e
Michelle_Kidd@klein-goodman.com,19500222,80511627,Michelle,Kidd,Y,Kidd_ad962
Matthew_Murphy@graham.com,19600216,18189831,Matthew,Murphy,Y,Murphy_5dc4e
Jessica_Arroyo@flores-evans.com,20021019,24971015,Jessica,Arroyo,Y,Arroyo_a6982
Caleb_Zuniga@stone.net,19681028,36180711,Caleb,Zuniga,Y,Zuniga_a2d94
Kenneth_Walton@anderson.com,19950309,93358011,Kenneth,Walton,Y,Walton_dc147
Cheyenne_Moreno@hampton.com,19600912,61341887,Cheyenne,Moreno,Y,Moreno_8048c
Courtney_Lopez@sanders.com,19710810,35323391,Courtney,Lopez,Y,Lopez_93fe3
Kenneth_Williamson@perez.com,19540310,36169599,Kenneth,Williamson,Y,Williamson_2b72a
William_Armstrong@richards.net,19641118,25119611,William,Armstrong,Y,Armstrong_e8b45
Bruce_Browning@robertson-baldwin.com,19631113,22984503,Bruce,Browning,Y,Browning_1f631
Shannon_Gilbert@brown-schaefer.com,19920613,34472903,Shannon,Gilbert,Y,Gilbert_cba39
Amanda_Brown@williams.com,19541218,52400391,Amanda,Brown,Y,Brown_cde99
Pedro_Mitchell@sims.com,19610927,99595743,Pedro,Mitchell,Y,Mitchell_31c89
Riley_Gomez@hoffman.com,19810211,20838807,Riley,Gomez,Y,Gomez_010a6
Shelby_Price@fuller.net,19860807,74350543,Shelby,Price,Y,Price_e8f96
Scott_Harris@mullins.com,19901214,36307567,Scott,Harris,Y,Harris_fc222
Bonnie_Franklin@gillespie.com,19880714,22008807,Bonnie,Franklin,Y,Franklin_f8d94
Ashley_Morris@marshall.net,20021001,13085855,Ashley,Morris,Y,Morris_73a97
Christopher_Stark@blackwell.com,19710307,94716219,Christopher,Stark,Y,Stark_91945
Vanessa_Johnson@barber.com,19601019,89236567,Vanessa,Johnson,Y,Johnson_8fef3
Jack_Jensen@kent-williamson.net,19601229,93571087,Jack,Jensen,Y,Jensen_676e2
Daniel_Armstrong@brown.com,19820714,18991247,Daniel,Armstrong,Y,Armstrong_f79a4
Susan_Donovan@jordan-anderson.com,19690130,85222335,Susan,Donovan,Y,Donovan_6c619
Michael_Serrano@turner-maldonado.com,19820711,12792543,Michael,Serrano,Y,Serrano_1ec7e
Michael_Powell@mccall.com,19941127,63894311,Michael,Powell,Y,Powell_4f74d
Alexander_Lowe@morris.com,19610508,93074023,Alexander,Lowe,Y,Lowe_73be1
Jennifer_Vega@jenkins.net,19710307,66551251,Jennifer,Vega,Y,Vega_91945
Aaron_Wilson@burke-benton.net,19870517,75053391,Aaron,Wilson,Y,Wilson_6845c
Samuel_Lee@gardner-rodriguez.net,19740902,57636831,Samuel,Lee,Y,Lee_d3d5c
Jennifer_Weaver@patterson.com,19781015,74152151,Jennifer,Weaver,Y,Weaver_feb81
Timothy_Ortega@ramos.com,19980104,59312963,Timothy,Ortega,Y,Ortega_17e39
Leonard_Hamilton@brown.com,19880229,76082775,Leonard,Hamilton,Y,Hamilton_f2276
Kathy_Phillips@floyd.com,19841216,57829247,Kathy,Phillips,Y,Phillips_608c9
Danny_Simmons@morales.com,19631013,26313911,Danny,Simmons,Y,Simmons_cd946
Jennifer_Jimenez@morgan.com,19921121,59592559,Jennifer,Jimenez,Y,Jimenez_5ed59
Penny_Lopez@young-huang.net,19540925,99596291,Penny,Lopez,Y,Lopez_7b621
Victoria_Lawson@snyder.com,19540412,24045823,Victoria,Lawson,Y,Lawson_6d37f
Michael_Martinez@hogan.net,19521107,40271975,Michael,Martinez,Y,Martinez_bc0fc
Samantha_Sullivan@cunningham-williams.com,19600423,64913455,Samantha,Sullivan,Y,Sullivan_61495
Paul_Jones@clark-irwin.com,19940215,91301999,Paul,Jones,Y,Jones_f903f
Danielle_Tran@mann.com,19880826,85246679,Danielle,Tran,Y,Tran_40aaa
Jeff_Freeman@guzman.com,20030520,13590655,Jeff,Freeman,Y,Freeman_35a3d
Marissa_Jones@lewis.net,19580806,32094119,Marissa,Jones,Y,Jones_cdd9f
Elijah_Roy@jones-baldwin.com,19870705,57159015,Elijah,Roy,Y,Roy_57ef7
Courtney_Simpson@preston-cantrell.com,19731103,77314887,Courtney,Simpson,Y,Simpson_7383f
Kimberly_Hopkins@adams.com,19931022,67364511,Kimberly,Hopkins,Y,Hopkins_56d12
William_King@cline-allen.com,19841115,21561215,William,King,Y,King_4ae33
Stephanie_Robertson@owen-rodriguez.com,20020508,75259367,Stephanie,Robertson,Y,Robertson_e101e
Rickey_Hill@parker-cohen.com,19640430,56465207,Rickey,Hill,Y,Hill_bd6cc
Erika_Stewart@solis.com,19851226,83552695,Erika,Stewart,Y,Stewart_40f40
Gregory_Allen@stanley.net,19780122,48871907,Gregory,Allen,Y,Allen_c7f06
Christina_Johnson@clark.com,20010622,30262983,Christina,Johnson,Y,Johnson_5dcd5
Kelli_Wells@jones.com,19540308,27406215,Kelli,Wells,Y,Wells_5c2c0
Nathan_Archer@gray.com,19560723,72954367,Nathan,Archer,Y,Archer_c6232
Michael_Kline@phelps-alvarez.com,19650623,20968343,Michael,Kline,Y,Kline_6fe75
Joshua_Rodriguez@thornton-benitez.com,19530317,27953967,Joshua,Rodriguez,Y,Rodriguez_1eec6
James_Rodriguez@logan.com,19810717,50981423,James,Rodriguez,Y,Rodriguez_a7ea3
Robert_Ortega@perez.com,19600316,57040695,Robert,Ortega,Y,Ortega_7f647
Teresa_Ruiz@holmes.com,19510904,22432447,Teresa,Ruiz,Y,Ruiz_e89df
Madison_Mejia@sims.com,19530323,73824679,Madison,Mejia,Y,Mejia_10b0a
James_Bailey@flynn.net,19860710,26146743,James,Bailey,Y,Bailey_6dd20
Mary_Perry@williams.net,19730808,57879711,Mary,Perry,Y,Perry_e8625
Crystal_Jones@webb.com,19620914,39588047,Crystal,Jones,Y,Jones_85733
Aaron_Brown@yates.com,19860502,43815191,Aaron,Brown,Y,Brown_9035e
Brian_Contreras@hill.net,19650708,89794399,Brian,Contreras,Y,Contreras_91010
Tanya_Barajas@davis.com,19740430,92793871,Tanya,Barajas,Y,Barajas_c09f8
Ashley_Frost@brown-hill.com,19521020,16473423,Ashley,Frost,Y,Frost_ddfa1
Samantha_Rasmussen@stokes-leon.com,19940621,26634223,Samantha,Rasmussen,Y,Rasmussen_0fcc4
Erica_Weber@harris-fox.com,19930809,20074939,Erica,Weber,Y,Weber_b3165
Amanda_Campbell@parker.com,19810324,21954431,Amanda,Campbell,Y,Campbell_fe47b
Vincent_Martin@wright-lee.com,19840124,55457087,Vincent,Martin,Y,Martin_92713
Tony_Crawford@moore.com,19870818,15997263,Tony,Crawford,Y,Crawford_a2a35
Randy_Sullivan@perez.net,19611025,15665967,Randy,Sullivan,Y,Sullivan_7d828
Kimberly_Thompson@brewer-walters.net,20001112,88531623,Kimberly,Thompson,Y,Thompson_5e06b
William_Hopkins@snyder.com,20010104,12277875,William,Hopkins,Y,Hopkins_cfbfa
Martin_Compton@morgan.com,19840602,42037887,Martin,Compton,Y,Compton_395a9
Anthony_Gross@pratt.com,19660423,92193723,Anthony,Gross,Y,Gross_9a287
Tracy_Brown@joyce.com,19720823,26044711,Tracy,Brown,Y,Brown_8baf8
James_Stanley@beltran.com,20011008,51351887,James,Stanley,Y,Stanley_a95cd
Norma_Jenkins@larson.com,19570323,78071863,Norma,Jenkins,Y,Jenkins_e5537
Leslie_Preston@johns.com,19721005,71892959,Leslie,Preston,Y,Preston_b78bc
Crystal_Valdez@stewart-randolph.com,20030802,65598575,Crystal,Valdez,Y,Valdez_ddc44
Jay_Parker@fowler.net,19930930,57583783,Jay,Parker,Y,Parker_311d6
Lance_Williams@williams.net,19730807,19310567,Lance,Williams,Y,Williams_44d67
Carl_Taylor@melendez.com,19750112,27075015,Carl,Taylor,Y,Taylor_10cf5
Brenda_Dean@allison-hill.com,19690215,55037019,Brenda,Dean,Y,Dean_33bcc
Kathleen_Allen@cook.com,19860113,38829559,Kathleen,Allen,Y,Allen_b02ca
Patricia_Olsen@haynes-blankenship.com,19981124,70673187,Patricia,Olsen,Y,Olsen_98e22
Marie_Lamb@hampton.com,19790410,26841263,Marie,Lamb,Y,Lamb_5dc6d
Nathan_Flores@gibbs.net,19790904,86883135,Nathan,Flores,Y,Flores_b1169
Ashley_Caldwell@mason-bryant.com,19880903,13420663,Ashley,Caldwell,Y,Caldwell_aa013
David_Frank@reyes-thomas.com,19680928,31192639,David,Frank,Y,Frank_97c93
Heather_Boyle@lopez.com,20030301,91679575,Heather,Boyle,Y,Boyle_b1a10
Renee_Martin@crawford-walker.com,19810421,55803823,Renee,Martin,Y,Martin_caab2
Keith_Parker@moore.com,19640826,40120471,Keith,Parker,Y,Parker_0793e
Ernest_Blake@long.com,19990621,27155511,Ernest,Blake,Y,Blake_ed155
Melissa_Levy@arroyo.com,19500330,51842935,Melissa,Levy,Y,Levy_bef91
Brandon_Powell@craig-gonzales.net,19760606,43375815,Brandon,Powell,Y,Powell_fe4b6
Lisa_Holloway@brown.com,19720102,73751431,Lisa,Holloway,Y,Holloway_485d0
Kimberly_Stone@murphy-bryant.com,19940512,25323999,Kimberly,Stone,Y,Stone_1d9aa
Adam_Jones@ashley.com,19730316,55082935,Adam,Jones,Y,Jones_575ba
Richard_Tucker@murphy.com,19710625,53838335,Richard,Tucker,Y,Tucker_0eb60
Elizabeth_Andersen@baker.com,19740123,69096535,Elizabeth,Andersen,Y,Andersen_61066
Destiny_Lutz@thompson-wright.com,19941204,87853607,Destiny,Lutz,Y,Lutz_6aa1c
Brandy_Allen@hardy-griffin.com,19810113,92130799,Brandy,Allen,Y,Allen_54dd1
Stephanie_Decker@barrett.net,19770905,92626639,Stephanie,Decker,Y,Decker_0c2ca
Michelle_Keller@johnson.com,19510706,56139711,Michelle,Keller,Y,Keller_86f7a
Stacey_Yates@lewis.com,19920812,30115967,Stacey,Yates,Y,Yates_d9866
Sue_Lee@rojas.com,19860829,97367575,Sue,Lee,Y,Lee_f9df7
Anna_Long@coleman.com,19740316,52566967,Anna,Long,Y,Long_850ab
Annette_Watson@brown-brennan.com,19580423,67851175,Annette,Watson,Y,Watson_6dc0c
Robert_Perez@anderson-shaw.net,19690528,38876643,Robert,Perez,Y,Perez_6ff11
James_Thomas@torres.net,19520509,58718239,James,Thomas,Y,Thomas_6cc50
Kelli_Olson@campbell.net,19960723,50265023,Kelli,Olson,Y,Olson_50aa7
Becky_Reid@vargas.net,19751027,37025287,Becky,Reid,Y,Reid_1bdd4
Wesley_Shaw@henderson-gibson.com,19830121,76819471,Wesley,Shaw,Y,Shaw_afe1c
Pamela_Boyd@freeman.com,19680628,25030751,Pamela,Boyd,Y,Boyd_94bd7
Jeremy_Lewis@murray.com,19530107,44159519,Jeremy,Lewis,Y,Lewis_644d9
Jennifer_Garza@herrera-klein.com,19890603,31999455,Jennifer,Garza,Y,Garza_be6d1
Larry_Wilson@perry.com,19670221,56158527,Larry,Wilson,Y,Wilson_0ce7d
Joshua_Thompson@morrow.com,19840830,98999803,Joshua,Thompson,Y,Thompson_9e058
Dennis_Williams@rivas.com,19661107,93993079,Dennis,Williams,Y,Williams_874b3
Karen_Morton@romero.com,19910410,36838791,Karen,Morton,Y,Morton_e4bde
Joseph_Perry@tucker.com,19510616,16254071,Joseph,Perry,Y,Perry_b530f
Heather_Herman@williams-lindsey.com,19710606,97877423,Heather,Herman,Y,Herman_0ab62
Laura_Lopez@rodriguez.com,19901221,72627367,Laura,Lopez,Y,Lopez_ea347
Joel_Webb@solis-swanson.com,19891009,37839071,Joel,Webb,Y,Webb_5b693
Donna_Malone@brown.com,19521007,89038207,Donna,Malone,Y,Malone_73ad1
Reginald_Barnes@walker-robinson.com,19730214,19884399,Reginald,Barnes,Y,Barnes_f462c
Brett_House@rose-clarke.com,19841126,98114087,Brett,House,Y,House_3cb13
Robert_Weaver@young-leonard.com,19820218,39131199,Robert,Weaver,Y,Weaver_201e1
Beth_Martinez@johnson.com,19681225,87909191,Beth,Martinez,Y,Martinez_204f4
Nicole_Small@nolan-randall.com,19570414,82553335,Nicole,Small,Y,Small_09b68
Anthony_Cline@rivera-collier.net,19890125,64231171,Anthony,Cline,Y,Cline_d04f7
Spencer_Ware@montgomery-lane.com,19801009,74599951,Spencer,Ware,Y,Ware_0b5e6
Willie_Erickson@bartlett.com,19910110,53673855,Willie,Erickson,Y,Erickson_3df9d
Daniel_Nguyen@mccall.com,19590903,37673823,Daniel,Nguyen,Y,Nguyen_6a5e7
Tiffany_Brown@stout-thompson.com,20030217,27755951,Tiffany,Brown,Y,Brown_1d91b
Leonard_Martinez@mcbride.com,19560922,14452319,Leonard,Martinez,Y,Martinez_7564a
Thomas_Forbes@beck.com,19591023,25036935,Thomas,Forbes,Y,Forbes_60d80
Robert_Stephens@lopez.com,20000619,92784815,Robert,Stephens,Y,Stephens_5a6e3
Kevin_Mayo@pope-jones.com,19761029,76234311,Kevin,Mayo,Y,Mayo_d6f2e
Daniel_Chen@little.com,19520716,46750383,Daniel,Chen,Y,Chen_7d3b1
Samuel_Dalton@marquez.com,19960916,75194711,Samuel,Dalton,Y,Dalton_32ce4
Heather_Bennett@hamilton-blair.com,20020105,64795847,Heather,Bennett,Y,Bennett_dcbc8
Joshua_King@hale.net,20000601,99342223,Joshua,King,Y,King_f3369
Randy_Moyer@jennings-brown.com,20030617,32958939,Randy,Moyer,Y,Moyer_839f3
Crystal_Blake@parker.com,19701117,97878511,Crystal,Blake,Y,Blake_e7660
Heather_Combs@powell.com,19590428,18518647,Heather,Combs,Y,Combs_2d19f
Amanda_Evans@cox.com,19590224,92559519,Amanda,Evans,Y,Evans_62a52
Sergio_Day@guzman-garrett.com,19510531,27091295,Sergio,Day,Y,Day_69b70
Julie_Boyd@white-george.com,19690906,47949079,Julie,Boyd,Y,Boyd_9e514
Tara_Barnes@shepherd.com,19540801,42232079,Tara,Barnes,Y,Barnes_bc727
Logan_Watkins@hernandez.com,20000511,87081215,Logan,Watkins,Y,Watkins_c9964
Steven_Ortiz@hamilton.com,19670506,15073183,Steven,Ortiz,Y,Ortiz_8f14e
Lisa_Marquez@day-smith.com,19710326,18443671,Lisa,Marquez,Y,Marquez_7aa36
Sergio_Hughes@cardenas.com,19810309,86954943,Sergio,Hughes,Y,Hughes_0c3d2
Destiny_Rojas@stanton.com,19860121,27351983,Destiny,Rojas,Y,Rojas_1f285
Danny_Lewis@turner.com,19521225,41036747,Danny,Lewis,Y,Lewis_07faf
Jennifer_Martin@moore.com,19830527,83212175,Jennifer,Martin,Y,Martin_82381
Arthur_Chandler@martin.com,19610210,18438007,Arthur,Chandler,Y,Chandler_4ab75
Cheryl_Crosby@bowman-potter.com,19580930,54032091,Cheryl,Crosby,Y,Crosby_9b4b3
Ronald_Hudson@carson.com,19510310,66192423,Ronald,Hudson,Y,Hudson_31f1d
Jennifer_Lee@guerra-lopez.com,19500401,35305031,Jennifer,Lee,Y,Lee_f2321
Gregory_Yoder@robinson-johnson.com,19530620,75705319,Gregory,Yoder,Y,Yoder_70108
Carolyn_Harmon@watts-horn.com,19980124,55977599,Carolyn,Harmon,Y,Harmon_69598
Christopher_Harrell@lindsey.com,19700630,52999479,Christopher,Harrell,Y,Harrell_7257b
Kevin_Johnson@rogers.com,19930802,15154639,Kevin,Johnson,Y,Johnson_a67f3
Michael_Harrison@franklin.com,19510819,29087871,Michael,Harrison,Y,Harrison_087c8
Terry_Moore@barker-ayers.com,19870615,19828167,Terry,Moore,Y,Moore_c62aa
James_Rogers@green.net,19930704,65821255,James,Rogers,Y,Rogers_656af
Kathleen_Tran@wilson.net,19740211,20044927,Kathleen,Tran,Y,Tran_b0eca
Jacqueline_Conway@robinson-carson.com,19710617,91842383,Jacqueline,Conway,Y,Conway_ae427
Chad_Clark@hodges.com,19610919,54277383,Chad,Clark,Y,Clark_35061
Maxwell_Cole@larson.com,19510203,41796463,Maxwell,Cole,Y,Cole_92aa4
Bethany_Williamson@flores.com,19540310,40227935,Bethany,Williamson,Y,Williamson_2b72a
Joseph_Wright@powell.net,19570521,40768583,Joseph,Wright,Y,Wright_f1b73
Thomas_Rogers@banks-perkins.net,19970819,36072875,Thomas,Rogers,Y,Rogers_3818b
Jenny_Lewis@flores.com,19970706,62475987,Jenny,Lewis,Y,Lewis_11948
Heidi_Bolton@spencer.com,19560616,58079023,Heidi,Bolton,Y,Bolton_06e0a
Daniel_Lewis@robertson.com,19770205,48084439,Daniel,Lewis,Y,Lewis_e0082
Dale_Ramirez@patton.com,19550323,59875791,Dale,Ramirez,Y,Ramirez_63293
Carol_Sharp@garcia-lamb.com,19751203,18014567,Carol,Sharp,Y,Sharp_19bdd
Joseph_Buck@jacobs.com,19520311,34270063,Joseph,Buck,Y,Buck_542b9
Lynn_Anderson@williams-carter.com,19960113,75488911,Lynn,Anderson,Y,Anderson_542fb
Emily_Andrews@reyes-singh.com,19550427,20594859,Emily,Andrews,Y,Andrews_bbb39
Sarah_Harris@thomas-sanchez.com,20010530,52442775,Sarah,Harris,Y,Harris_526ca
Victor_Owens@collins.com,19960815,53064383,Victor,Owens,Y,Owens_620f1
Kimberly_Koch@rodriguez.net,19870125,35893839,Kimberly,Koch,Y,Koch_43971
Allison_Obrien@bailey-sanders.com,19620423,81154631,Allison,Obrien,Y,Obrien_00e34
John_Rogers@oneill.com,19710509,21046575,John,Rogers,Y,Rogers_83dc9
Laura_Bailey@snyder.com,19700811,56551543,Laura,Bailey,Y,Bailey_13f67
Janet_Collins@farrell.com,19840721,89424095,Janet,Collins,Y,Collins_120bd
Kristin_Lawson@salinas.com,19761101,36661711,Kristin,Lawson,Y,Lawson_a0aec
James_Castaneda@miller-hart.com,19640126,64715807,James,Castaneda,Y,Castaneda_7660a
Michael_Middleton@williams-zamora.com,19810804,85114431,Michael,Middleton,Y,Middleton_02dfc
Robert_Ortiz@saunders-hunter.com,19761108,80296223,Robert,Ortiz,Y,Ortiz_66abd
Connie_Harper@lewis.com,19950627,21369119,Connie,Harper,Y,Harper_709ac
Debbie_Burns@salinas.com,19830806,95570935,Debbie,Burns,Y,Burns_f2b3a
Gabriel_Preston@black.com,19961120,88336263,Gabriel,Preston,Y,Preston_b6298
Steven_Hodges@sanchez-phillips.com,19510903,65795715,Steven,Hodges,Y,Hodges_0c95a
Brandon_Orozco@greene.com,19870717,59988495,Brandon,Orozco,Y,Orozco_02d2b
Kari_Nguyen@farley.com,19991119,47980591,Kari,Nguyen,Y,Nguyen_6f546
Brittany_Hill@rogers-hoffman.com,19870605,90817791,Brittany,Hill,Y,Hill_2c87a
Carrie_Martinez@hendrix.com,19740124,96107743,Carrie,Martinez,Y,Martinez_a7c33
Jeffery_Hill@cook-lloyd.com,19591223,26071551,Jeffery,Hill,Y,Hill_e24f9
Linda_White@moore.com,19751015,84876711,Linda,White,Y,White_e9960
Jake_Spencer@murphy.com,20020509,53533879,Jake,Spencer,Y,Spencer_c21d7
Joseph_Chan@hutchinson-gutierrez.com,19660922,19544079,Joseph,Chan,Y,Chan_f9d1e
Sara_Dominguez@delgado.com,19860220,69114407,Sara,Dominguez,Y,Dominguez_40133
Kathleen_Ali@horn-rogers.com,19960602,45338687,Kathleen,Ali,Y,Ali_a2746
Danielle_Stephens@miller.net,19610929,16838823,Danielle,Stephens,Y,Stephens_baaae
Ann_Wolf@wilkins.com,19801112,26916187,Ann,Wolf,Y,Wolf_dbc29
Brianna_Schaefer@nelson-mcmahon.com,19760312,34700887,Brianna,Schaefer,Y,Schaefer_ff120
Angela_Morris@murray.com,19760207,89409391,Angela,Morris,Y,Morris_d143a
Cristian_Kelley@taylor-colon.net,19510108,22272647,Cristian,Kelley,Y,Kelley_f3101
Jeffrey_Turner@robinson.com,19840112,30152387,Jeffrey,Turner,Y,Turner_a2281
Jesse_Perry@marsh.net,19691013,45471479,Jesse,Perry,Y,Perry_1c3c6
Ricardo_Cruz@salazar-manning.com,19780205,83436279,Ricardo,Cruz,Y,Cruz_7bf56
Jessica_Smith@walsh-steele.com,19510531,97984639,Jessica,Smith,Y,Smith_69b70
Brenda_Long@carter.net,19510914,45992583,Brenda,Long,Y,Long_f0fca
Megan_Taylor@montgomery.com,19931005,12610975,Megan,Taylor,Y,Taylor_7a3e1
Kelly_Morales@sanchez.com,19800227,44799815,Kelly,Morales,Y,Morales_3cabc
Sheri_Johnson@lucas.com,19880422,34118127,Sheri,Johnson,Y,Johnson_5c594
Lori_Pacheco@ayala.com,19620630,94662495,Lori,Pacheco,Y,Pacheco_7ccf5
Sandra_Schmidt@herrera.com,19590711,50638143,Sandra,Schmidt,Y,Schmidt_be25c
Rachel_Hill@gutierrez.com,19540212,55824367,Rachel,Hill,Y,Hill_bc827
Emily_Case@lewis.com,19850508,90216215,Emily,Case,Y,Case_1fe51
Seth_Alvarez@conrad.com,19800801,90929927,Seth,Alvarez,Y,Alvarez_f00bd
Jose_Reyes@garcia.com,19700929,94563263,Jose,Reyes,Y,Reyes_0a636
Zachary_Le@whitaker.com,19851028,56441999,Zachary,Le,Y,Le_44e84
Rhonda_Anthony@lawson.com,19740915,12850551,Rhonda,Anthony,Y,Anthony_91ec3
Joseph_Hill@rodriguez-newton.com,20020923,89902687,Joseph,Hill,Y,Hill_0d4d9
Erin_Davis@sanchez.net,19600917,22992863,Erin,Davis,Y,Davis_dbcb2
Lucas_Brown@miller.com,19891101,34675679,Lucas,Brown,Y,Brown_1ebf8
William_Garcia@powell.com,19850912,25729991,William,Garcia,Y,Garcia_72e9b
Lauren_Swanson@pena-pierce.com,19610921,85204407,Lauren,Swanson,Y,Swanson_b3ea5
John_Frank@martin.com,19500519,42691023,John,Frank,Y,Frank_4dfb9
Tony_Perry@lewis-holland.com,19730910,11231827,Tony,Perry,Y,Perry_d9da1
Nicole_Schmidt@stephens.com,19651109,86157423,Nicole,Schmidt,Y,Schmidt_54bf2
Nathan_Gray@scott-gonzalez.com,19960618,48983767,Nathan,Gray,Y,Gray_15cd6
Nichole_Delgado@dixon-cruz.com,19720305,60338223,Nichole,Delgado,Y,Delgado_f68ba
Raven_Ford@mcdowell.com,19960213,13519207,Raven,Ford,Y,Ford_36701
Marcus_Rodriguez@jones.com,19690511,23424599,Marcus,Rodriguez,Y,Rodriguez_3a35b
Daniel_Grimes@keith.com,19821126,61518103,Daniel,Grimes,Y,Grimes_2efc5
Samuel_Solomon@wolf.net,19871230,26166751,Samuel,Solomon,Y,Solomon_23bae
Katrina_Miller@grimes.com,19540308,81240247,Katrina,Miller,Y,Miller_5c2c0
Raymond_Conner@oneal-johnson.com,19970128,95736583,Raymond,Conner,Y,Conner_71970
Cory_Garcia@evans-benson.com,19550202,86555943,Cory,Garcia,Y,Garcia_14ae7
Lori_Fuller@gordon.com,19680101,54288255,Lori,Fuller,Y,Fuller_9068b
Corey_Wilson@hoover-hernandez.com,19531011,39467535,Corey,Wilson,Y,Wilson_da57e
Denise_Dominguez@long.com,19660628,28235547,Denise,Dominguez,Y,Dominguez_db12a
Holly_James@macdonald.com,19641104,62732175,Holly,James,Y,James_e7a3a
Alicia_Mccarty@beasley.com,19820916,57669519,Alicia,Mccarty,Y,Mccarty_a4b9d
Zoe_Christian@grant.com,19990319,22170983,Zoe,Christian,Y,Christian_90eb3
Nicholas_Watson@williams.com,19620403,72181751,Nicholas,Watson,Y,Watson_61db6
Shirley_Ruiz@house-gay.com,19720812,23759691,Shirley,Ruiz,Y,Ruiz_956d3
Victoria_Wood@proctor-baker.com,19910622,13955959,Victoria,Wood,Y,Wood_67f27
Jillian_Knight@davenport.com,19881108,20417711,Jillian,Knight,Y,Knight_10192
Ryan_Fisher@fletcher.com,19871030,63505855,Ryan,Fisher,Y,Fisher_27703
Stephanie_Howe@allen.com,19630509,37283343,Stephanie,Howe,Y,Howe_80a05
Kenneth_Kim@duran.com,19990505,37818767,Kenneth,Kim,Y,Kim_c0e4a
Andrew_Macias@douglas.com,19661013,28232535,Andrew,Macias,Y,Macias_a4116
Lisa_Jackson@morton-lowe.com,19730114,82393203,Lisa,Jackson,Y,Jackson_89ce6
Elizabeth_Huffman@zamora.com,19580918,15486151,Elizabeth,Huffman,Y,Huffman_fb25a
Christina_Stone@medina.com,19930320,34449775,Christina,Stone,Y,Stone_9ab9f
Miranda_Mata@martin.com,19930124,61632395,Miranda,Mata,Y,Mata_53cfc
Alexander_Merritt@butler.net,19800913,33574735,Alexander,Merritt,Y,Merritt_696fd
Austin_Alexander@ortiz.com,19950418,12638703,Austin,Alexander,Y,Alexander_12438
Kelly_Sanders@coleman.com,19520413,29703695,Kelly,Sanders,Y,Sanders_e9c2f
Matthew_Jones@arnold.com,20000615,98616991,Matthew,Jones,Y,Jones_fae51
Donna_Juarez@sanders-briggs.com,19550612,60313867,Donna,Juarez,Y,Juarez_ab899
Sarah_David@collier.net,19981216,97218247,Sarah,David,Y,David_39e9f
Carmen_Barajas@smith.com,19810526,34685455,Carmen,Barajas,Y,Barajas_62836
Angela_Johnson@stewart.com,19840827,62439103,Angela,Johnson,Y,Johnson_5dcba
Melissa_Sparks@sanchez-stevenson.com,19930802,27530863,Melissa,Sparks,Y,Sparks_a67f3
Rebecca_Serrano@martin.com,19650726,48396631,Rebecca,Serrano,Y,Serrano_c59d5
Katherine_Hill@tran.com,19830918,37709951,Katherine,Hill,Y,Hill_e971e
Kristin_Hart@ortega.com,19661217,36255543,Kristin,Hart,Y,Hart_3b264
Jacqueline_Ho@henry.com,19610131,75359367,Jacqueline,Ho,Y,Ho_73551
Tyler_Rodriguez@nelson.com,19691123,38316039,Tyler,Rodriguez,Y,Rodriguez_c3743
Michael_Knight@davidson.com,19870804,71412263,Michael,Knight,Y,Knight_d46f2
Heather_Arroyo@martinez.com,19790709,36165719,Heather,Arroyo,Y,Arroyo_44022
Lori_Larson@flowers.com,19630807,38397103,Lori,Larson,Y,Larson_06714
Lindsay_Lopez@foster.net,19820123,62519943,Lindsay,Lopez,Y,Lopez_b6ee8
David_Vazquez@davila-beck.com,19901206,57160871,David,Vazquez,Y,Vazquez_73e4f
Karen_Salazar@wu-cohen.com,19950502,89394439,Karen,Salazar,Y,Salazar_cf1ae
Sherry_Hicks@stout-nicholson.com,19611127,12514111,Sherry,Hicks,Y,Hicks_5e5f2
Sarah_Davila@nash.com,19790906,46685303,Sarah,Davila,Y,Davila_1977b
Karen_Oneill@gomez.com,19921004,72265879,Karen,Oneill,Y,Oneill_7278c
Nicholas_Mills@williams.com,19631001,68844231,Nicholas,Mills,Y,Mills_f511a
Kim_Hull@king.com,20030619,69198923,Kim,Hull,Y,Hull_d0117
Jennifer_Montgomery@estrada-cole.com,19710715,53834071,Jennifer,Montgomery,Y,Montgomery_1a334
Cynthia_Bailey@oneill.com,19790825,48942719,Cynthia,Bailey,Y,Bailey_13beb
John_Wright@harris.com,19831019,96650335,John,Wright,Y,Wright_fefcf
Kelsey_Miller@anderson-green.com,19781107,45676055,Kelsey,Miller,Y,Miller_d6676
Sheila_Brown@stevens-edwards.com,19821128,32490999,Sheila,Brown,Y,Brown_565a7
Lisa_Moore@ramos.com,19941119,99493567,Lisa,Moore,Y,Moore_a6529
Brianna_Haynes@garcia.com,19980401,12153303,Brianna,Haynes,Y,Haynes_dd4da
Julian_Newman@haynes.com,19580313,49873159,Julian,Newman,Y,Newman_15a27
Thomas_Ferguson@guzman.com,19591213,28787319,Thomas,Ferguson,Y,Ferguson_fb458
David_Swanson@gregory.com,20021220,16753799,David,Swanson,Y,Swanson_0be9c
Kathryn_Dyer@walker.com,19591210,57873103,Kathryn,Dyer,Y,Dyer_7b5ce
Lauren_Rodriguez@soto.com,19931016,27106623,Lauren,Rodriguez,Y,Rodriguez_a9b99
Jeffrey_Rodriguez@trujillo.com,19900331,56472143,Jeffrey,Rodriguez,Y,Rodriguez_f1303
Richard_Anderson@white.com,19580706,66751511,Richard,Anderson,Y,Anderson_76323
Andrea_Huynh@dixon-smith.com,19890929,26799851,Andrea,Huynh,Y,Huynh_1735e
Brian_Allen@conway.com,19560101,93233303,Brian,Allen,Y,Allen_013af
Jacqueline_Peck@smith-miller.com,19590210,60512219,Jacqueline,Peck,Y,Peck_723a2
Jessica_Lee@brown-baxter.com,19670124,89410823,Jessica,Lee,Y,Lee_7f12f
Martin_Allen@steele.com,20020924,99969439,Martin,Allen,Y,Allen_7a4f2
Jason_Mcdaniel@wood.com,19650403,68591887,Jason,Mcdaniel,Y,Mcdaniel_50061
Angela_Mitchell@moreno-evans.com,19690105,50190223,Angela,Mitchell,Y,Mitchell_06d3f
Derrick_Sanchez@mitchell.com,19700424,97980535,Derrick,Sanchez,Y,Sanchez_9f266
Christine_Ellis@blackwell.com,19980617,69393823,Christine,Ellis,Y,Ellis_b9ff0
Alyssa_Salinas@robbins.com,19981007,41363847,Alyssa,Salinas,Y,Salinas_4cb46
Kevin_Walsh@hamilton.net,19920805,63251375,Kevin,Walsh,Y,Walsh_8cd29
Stuart_Daniels@castro.com,20020317,38551603,Stuart,Daniels,Y,Daniels_c934d
Kenneth_Knox@zamora.com,19990626,47904991,Kenneth,Knox,Y,Knox_d64ed
Steve_Mitchell@adkins-russell.com,19751027,98789479,Steve,Mitchell,Y,Mitchell_1bdd4
Craig_Hendricks@garcia-higgins.com,19951018,51721063,Craig,Hendricks,Y,Hendricks_a352c
Ricky_Kerr@gonzalez-martinez.com,19510625,43238807,Ricky,Kerr,Y,Kerr_a02d8
Gloria_Aguilar@dorsey-donaldson.com,19690606,69773231,Gloria,Aguilar,Y,Aguilar_d3661
Gerald_Hall@kim-chapman.com,19711007,53954823,Gerald,Hall,Y,Hall_0bc14
Alexander_Knight@doyle.com,19740812,41639975,Alexander,Knight,Y,Knight_7e064
Joseph_Cross@mason-shaw.net,19530126,35750023,Joseph,Cross,Y,Cross_36c08
Joel_Myers@smith-willis.net,19720920,49665991,Joel,Myers,Y,Myers_1466d
Michael_Mckee@gordon.com,20000917,87409327,Michael,Mckee,Y,Mckee_92c0e
Roy_Park@rodriguez-west.com,19551029,69451423,Roy,Park,Y,Park_a639e
Jonathan_Castro@sandoval.com,19700409,95059239,Jonathan,Castro,Y,Castro_49d90
Richard_Carroll@massey-gardner.com,19610526,61422551,Richard,Carroll,Y,Carroll_78391
Michelle_Fletcher@anderson.com,19831024,15665159,Michelle,Fletcher,Y,Fletcher_e6fff
Carol_Murphy@lowe.com,19640317,54241135,Carol,Murphy,Y,Murphy_ecd95
Michael_Russell@orozco.com,19680308,24280095,Michael,Russell,Y,Russell_203e4
Shawna_Andrews@freeman.com,19981115,12022295,Shawna,Andrews,Y,Andrews_776f9
Dana_Hernandez@jackson.com,19940126,50236391,Dana,Hernandez,Y,Hernandez_3d7b1
Lauren_Harris@long.com,19780811,42605007,Lauren,Harris,Y,Harris_e20bd
Sean_Morales@molina.com,20030920,50605207,Sean,Morales,Y,Morales_867f3
Andrea_Dennis@smith-goodman.com,19570926,17153399,Andrea,Dennis,Y,Dennis_14df3
John_Mendoza@mahoney.com,19850519,85845135,John,Mendoza,Y,Mendoza_fa60d
Jeremy_Krueger@haley.com,19830715,37358751,Jeremy,Krueger,Y,Krueger_b37c9
Sierra_Mcdaniel@mata.com,20030713,77274903,Sierra,Mcdaniel,Y,Mcdaniel_4de3f
Wendy_Smith@smith-webb.com,19700128,60349279,Wendy,Smith,Y,Smith_85c0b
Leslie_Diaz@thomas-shelton.com,19570430,57506727,Leslie,Diaz,Y,Diaz_0bd1d
Grant_Snyder@gonzales.com,19731031,23872143,Grant,Snyder,Y,Snyder_d3f05
Brandi_Jenkins@miller.com,19651228,79308567,Brandi,Jenkins,Y,Jenkins_27fe6
Amy_Haynes@levy.com,19600314,41563455,Amy,Haynes,Y,Haynes_18bc2
John_Roberts@hendricks.com,19540315,16513279,John,Roberts,Y,Roberts_d606a
Carrie_Nelson@archer-murphy.com,19510609,49242255,Carrie,Nelson,Y,Nelson_fde1d
Jacob_Hood@evans.com,19560208,24204143,Jacob,Hood,Y,Hood_bb6b9
Tracy_Charles@rowe.com,19931108,62200511,Tracy,Charles,Y,Charles_02485
Heather_Miller@taylor.net,19530128,37035727,Heather,Miller,Y,Miller_28ba0
Brandon_Johnson@ramirez.com,19850310,60862935,Brandon,Johnson,Y,Johnson_56e3d
Kevin_Cook@cox-stewart.com,19780913,71239915,Kevin,Cook,Y,Cook_a5121
Derrick_Lane@yates.com,19890916,65837219,Derrick,Lane,Y,Lane_24958
Wendy_Nelson@day.com,19650108,59119063,Wendy,Nelson,Y,Nelson_f7fc3
Jasmine_Ramsey@jackson.com,19500407,16447279,Jasmine,Ramsey,Y,Ramsey_843ef
William_Beltran@bean.com,19850313,16495975,William,Beltran,Y,Beltran_b42ac
Albert_Jefferson@diaz-bailey.com,19841117,32919607,Albert,Jefferson,Y,Jefferson_84127
Jessica_Ferguson@young.com,19670129,78033235,Jessica,Ferguson,Y,Ferguson_8004f
Gerald_Stuart@strong.net,19951008,98421991,Gerald,Stuart,Y,Stuart_08df4
Jacob_Vaughan@martinez.com,19830908,69615007,Jacob,Vaughan,Y,Vaughan_40056
Matthew_Fuentes@miranda.com,19660329,33411447,Matthew,Fuentes,Y,Fuentes_0598c
April_Carpenter@page.com,19710929,97274415,April,Carpenter,Y,Carpenter_4acee
Rachel_Garcia@neal.com,19961021,87786127,Rachel,Garcia,Y,Garcia_d383b
Patrick_Madden@sanders.com,19941101,35389647,Patrick,Madden,Y,Madden_d8100
Angela_Myers@rodriguez.com,19740126,59457063,Angela,Myers,Y,Myers_96365
Wayne_Baker@brown.com,19671227,92067207,Wayne,Baker,Y,Baker_726e6
Haley_Cox@lewis.com,19641001,27911351,Haley,Cox,Y,Cox_c2d50
Dan_Sanders@klein-hernandez.com,19500813,30043759,Dan,Sanders,Y,Sanders_65a5d
Timothy_Boyle@roach.net,19840608,49033195,Timothy,Boyle,Y,Boyle_7540a
Thomas_Fisher@phillips.com,19850415,99090999,Thomas,Fisher,Y,Fisher_cd40a
Taylor_Lopez@jones-salazar.com,19570522,17889439,Taylor,Lopez,Y,Lopez_d2a7d
Cynthia_Ortiz@mathis.com,19590706,91591279,Cynthia,Ortiz,Y,Ortiz_fed1f
Jeffrey_Macias@cox.com,19901003,98485783,Jeffrey,Macias,Y,Macias_b438f
Brian_Drake@hurst-price.net,19620211,83466007,Brian,Drake,Y,Drake_a32f0
Anna_Austin@mcguire.com,19991122,83758091,Anna,Austin,Y,Austin_69ddb
Joel_Clark@mcclain.com,19580712,65159231,Joel,Clark,Y,Clark_b1291
Deborah_Olson@greene.com,19570805,92118339,Deborah,Olson,Y,Olson_4c0a6
Michael_Love@rodriguez-martinez.net,20020321,41033095,Michael,Love,Y,Love_01195
Timothy_Jordan@young.com,19991228,77411263,Timothy,Jordan,Y,Jordan_26d57
Kathy_Leblanc@warren-gray.com,19810227,69067343,Kathy,Leblanc,Y,Leblanc_25e89
William_Floyd@duran.com,19720713,27758191,William,Floyd,Y,Floyd_ee7c0
Angela_Hayden@barry.net,19960623,28574351,Angela,Hayden,Y,Hayden_44dbe
Renee_Hodges@hamilton.com,19871228,63899519,Renee,Hodges,Y,Hodges_c3205
Samantha_Miller@mcmahon.com,19650406,41451647,Samantha,Miller,Y,Miller_b1a7b
Lauren_Orozco@sanchez.com,20000126,71540231,Lauren,Orozco,Y,Orozco_32e5d
Destiny_Johns@hayes.com,19731201,89233575,Destiny,Johns,Y,Johns_bd350
Jennifer_Davis@nguyen.com,19931018,72513603,Jennifer,Davis,Y,Davis_d9ba6
April_Owen@sanchez.com,19670923,16552967,April,Owen,Y,Owen_1c1c8
Evan_Russell@ferguson.net,19590120,75209343,Evan,Russell,Y,Russell_eeae9
Jordan_Cruz@clark-dickerson.com,19580323,42355435,Jordan,Cruz,Y,Cruz_a019e
Brent_Castaneda@garcia.com,19580307,80875871,Brent,Castaneda,Y,Castaneda_1e9a5
Gregory_Peters@ray.net,19900902,78256247,Gregory,Peters,Y,Peters_62c2d
Jason_Malone@allen.com,19550503,47278299,Jason,Malone,Y,Malone_82057
Matthew_Salazar@jones-jones.com,19991211,50895327,Matthew,Salazar,Y,Salazar_8a391
Martin_Morris@garcia.com,19930810,47193651,Martin,Morris,Y,Morris_ed007
Natasha_Martinez@west.com,19680418,55194439,Natasha,Martinez,Y,Martinez_fa7cb
Charles_Powell@knight.com,19970906,47215879,Charles,Powell,Y,Powell_89e26
Brian_Powell@hernandez.com,19591115,67153775,Brian,Powell,Y,Powell_c3379
Laura_Sandoval@brown.com,19860913,17475623,Laura,Sandoval,Y,Sandoval_6592d
Charles_Gonzalez@navarro.com,19710404,94465511,Charles,Gonzalez,Y,Gonzalez_bc4a4
Nicholas_Caldwell@hurley-bass.com,19770714,42525999,Nicholas,Caldwell,Y,Caldwell_92d76
Brian_Wyatt@wright-young.com,19581211,63631399,Brian,Wyatt,Y,Wyatt_ac546
Ryan_Garcia@vazquez-wells.com,19930815,26856535,Ryan,Garcia,Y,Garcia_a540e
Megan_Anderson@wilson-murillo.com,19700729,21736903,Megan,Anderson,Y,Anderson_a86c0
Pamela_Hughes@charles-costa.com,19870613,40181295,Pamela,Hughes,Y,Hughes_5403f
Tiffany_Scott@davis.com,19861110,76272207,Tiffany,Scott,Y,Scott_af31d
Stanley_Conway@adams.com,19850905,71853567,Stanley,Conway,Y,Conway_b17c3
Yolanda_Petty@dunlap-brown.com,19910125,69674519,Yolanda,Petty,Y,Petty_89b4f
Emily_Oneal@gutierrez.com,19580118,49152079,Emily,Oneal,Y,Oneal_1a34f
Tara_Jones@blankenship.net,19850303,49275455,Tara,Jones,Y,Jones_7290c
Christine_Cohen@rich-bell.com,19940621,80232231,Christine,Cohen,Y,Cohen_0fcc4
Daniel_Gutierrez@santana-bryan.com,19571103,93799931,Daniel,Gutierrez,Y,Gutierrez_8e2f3
George_Williams@patton.com,19810319,69991287,George,Williams,Y,Williams_c20d3
Lori_Allen@valdez-phillips.com,20020916,28175727,Lori,Allen,Y,Allen_8c000
Charles_Kelly@dalton.com,19690401,62777351,Charles,Kelly,Y,Kelly_0c61d
Jonathan_Villa@suarez.com,19751203,80471287,Jonathan,Villa,Y,Villa_19bdd
Cindy_Jackson@garcia-burch.com,19670727,60954247,Cindy,Jackson,Y,Jackson_40b1b
Scott_Williams@keller-wong.com,19800803,85799255,Scott,Williams,Y,Williams_09feb
Dylan_Hernandez@singleton-johnson.com,19950301,31405951,Dylan,Hernandez,Y,Hernandez_04544
Michelle_Garcia@lynch.com,19801017,52895823,Michelle,Garcia,Y,Garcia_6967c
Matthew_Bailey@benjamin.com,19870728,39436023,Matthew,Bailey,Y,Bailey_255ab
Kristin_Edwards@short.com,19820603,22435107,Kristin,Edwards,Y,Edwards_e7bbf
Kristen_Kirk@ayers.com,19590823,97993751,Kristen,Kirk,Y,Kirk_079a3
Ruth_Carrillo@paul.com,19790905,43751451,Ruth,Carrillo,Y,Carrillo_d036e
Jacob_Stephenson@larson-stevenson.net,19541111,75359427,Jacob,Stephenson,Y,Stephenson_dd890
Curtis_Flynn@cook-drake.com,19780926,58787463,Curtis,Flynn,Y,Flynn_066c3
Thomas_Perez@greene-lopez.com,19630220,96377439,Thomas,Perez,Y,Perez_7a5c3
Sheri_Kline@hinton.com,19940609,33546343,Sheri,Kline,Y,Kline_e724e
Jeff_Baker@bentley.com,19670424,57871767,Jeff,Baker,Y,Baker_4cd37
William_Powell@harrell.com,19670721,71832243,William,Powell,Y,Powell_d1cfb
Shannon_Thomas@dawson-alexander.com,19680903,18892279,Shannon,Thomas,Y,Thomas_2a3b9
Jeffrey_Murray@jones.net,19821221,27473887,Jeffrey,Murray,Y,Murray_8d3f7
Carla_Jackson@morris.com,19940715,44275151,Carla,Jackson,Y,Jackson_5ae26
Kristin_Wagner@clayton.com,19970129,66045343,Kristin,Wagner,Y,Wagner_83f4e
Kathleen_Rodriguez@frost-james.com,19671005,65397891,Kathleen,Rodriguez,Y,Rodriguez_3b414
Nicole_Shea@mcclure.com,19560102,28795599,Nicole,Shea,Y,Shea_abeb3
